time,no2
2024-09-11 10:00:00+00:00,17.0
2024-09-11 11:00:00+00:00,20.0
2024-09-11 12:00:00+00:00,15.0
2024-09-11 13:00:00+00:00,12.0
2024-09-11 14:00:00+00:00,5.05
2024-09-11 15:00:00+00:00,2.25
2024-09-11 16:00:00+00:00,1.8
2024-09-11 17:00:00+00:00,2.1
2024-09-11 18:00:00+00:00,2.15
2024-09-11 19:00:00+00:00,2.35
2024-09-11 20:00:00+00:00,3.3499999999999996
2024-09-11 21:00:00+00:00,2.85
2024-09-11 22:00:00+00:00,3.4000000000000004
2024-09-11 23:00:00+00:00,3.4
2024-09-12 00:00:00+00:00,6.8500000000000005
2024-09-12 01:00:00+00:00,5.95
2024-09-12 02:00:00+00:00,7.6
2024-09-12 03:00:00+00:00,8.05
2024-09-12 04:00:00+00:00,6.8
2024-09-12 05:00:00+00:00,4.15
2024-09-12 07:00:00+00:00,3.0
2024-09-12 08:00:00+00:00,3.3
2024-09-12 09:00:00+00:00,6.2
2024-09-12 10:00:00+00:00,11.35
2024-09-12 11:00:00+00:00,12.450000000000001
2024-09-12 12:00:00+00:00,5.4
2024-09-12 13:00:00+00:00,1.75
2024-09-12 14:00:00+00:00,2.1
2024-09-12 15:00:00+00:00,1.7999999999999998
2024-09-12 16:00:00+00:00,1.9
2024-09-12 17:00:00+00:00,1.75
2024-09-12 18:00:00+00:00,1.9
2024-09-12 19:00:00+00:00,1.7
