time,nitrogen_dioxide_vertical_column_amount
2024-09-11 11:00:00+00:00,4765805166666667.0
2024-09-11 12:00:00+00:00,4503884882758621.0
2024-09-11 13:00:00+00:00,4614119883597884.0
2024-09-11 14:00:00+00:00,4659047545893720.0
2024-09-11 15:00:00+00:00,4568916270833333.0
2024-09-11 16:00:00+00:00,4771361913043478.0
2024-09-11 17:00:00+00:00,4717225492537313.0
2024-09-11 18:00:00+00:00,4763753616915423.0
2024-09-11 19:00:00+00:00,4743751838095238.0
2024-09-11 20:00:00+00:00,5303063256097561.0
2024-09-11 21:00:00+00:00,5087863432584270.0
2024-09-11 22:00:00+00:00,5580662858490566.0
2024-09-11 23:00:00+00:00,
2024-09-12 00:00:00+00:00,
2024-09-12 01:00:00+00:00,
2024-09-12 02:00:00+00:00,
2024-09-12 03:00:00+00:00,
2024-09-12 04:00:00+00:00,
2024-09-12 05:00:00+00:00,
2024-09-12 06:00:00+00:00,
2024-09-12 07:00:00+00:00,
2024-09-12 08:00:00+00:00,
2024-09-12 09:00:00+00:00,
2024-09-12 10:00:00+00:00,
2024-09-12 11:00:00+00:00,4135282554054054.0
2024-09-12 12:00:00+00:00,3444266700000000.0
2024-09-12 13:00:00+00:00,3343102080357143.0
2024-09-12 14:00:00+00:00,3615203774509804.0
2024-09-12 15:00:00+00:00,3807791750000000.0
2024-09-12 16:00:00+00:00,3972261628865979.5
2024-09-12 17:00:00+00:00,4094295416666666.5
2024-09-12 18:00:00+00:00,4378323766666666.5
