time,no2_vertical_column_troposphere
2024-09-11 12:00:00+00:00,3094660864474077.0
2024-09-11 13:00:00+00:00,2933440960563837.5
2024-09-11 14:00:00+00:00,2655238616941042.0
2024-09-11 15:00:00+00:00,2408998582545660.0
2024-09-11 16:00:00+00:00,2447289947164083.0
2024-09-11 17:00:00+00:00,2627489253848678.5
2024-09-11 18:00:00+00:00,2581489239571719.0
2024-09-11 19:00:00+00:00,2907639913951114.5
2024-09-11 20:00:00+00:00,2671835105493799.5
2024-09-11 21:00:00+00:00,3210308173706917.0
2024-09-11 22:00:00+00:00,
2024-09-11 23:00:00+00:00,
2024-09-12 00:00:00+00:00,
2024-09-12 01:00:00+00:00,
2024-09-12 02:00:00+00:00,
2024-09-12 03:00:00+00:00,
2024-09-12 04:00:00+00:00,
2024-09-12 05:00:00+00:00,
2024-09-12 06:00:00+00:00,
2024-09-12 07:00:00+00:00,
2024-09-12 08:00:00+00:00,
2024-09-12 09:00:00+00:00,
2024-09-12 10:00:00+00:00,
2024-09-12 11:00:00+00:00,
2024-09-12 12:00:00+00:00,1630699372189562.2
2024-09-12 13:00:00+00:00,2643795232446401.0
2024-09-12 14:00:00+00:00,2224741123443291.0
2024-09-12 15:00:00+00:00,2235355811707642.8
2024-09-12 16:00:00+00:00,2396708593783665.0
2024-09-12 17:00:00+00:00,2146318848045571.8
2024-09-12 18:00:00+00:00,2582877125419815.5
2024-09-12 19:00:00+00:00,2347954410409684.0
